model,N,M,alg,workers,mstime,delete,trimrepeat,trimdelete,traveledge,sccs,maxscc,size1,size2,size3,parstep,push,vs,es,date
com-friendster,124836180,1806067135,fasttrim,1,81071.759000,124836180,-1,124836180,1806067135,0,0,0,0,0,4096,641,100,100,2021-06-18.11:57:45
twitter,41354195,1440030213,fasttrim,1,7829.477000,4157028,-1,4157028,39100435,0,0,0,0,0,4096,127,100,100,2021-06-18.12:02:15
twitter_mpi,52579683,1963263821,fasttrim,1,6415.433000,9213375,-1,9213375,44817791,0,0,0,0,0,4096,327,100,100,2021-06-18.12:07:43
com-friendster,124836180,1806067135,trim,1,10275837.141000,124836180,13973,124836180,168554758968,0,0,0,0,0,4096,-1,100,100,2021-06-18.15:12:02
twitter,41354195,1440030213,trim,1,6355.286000,4157028,6,4157028,225132646,0,0,0,0,0,4096,-1,100,100,2021-06-18.15:16:28
twitter_mpi,52579683,1963263821,trim,1,8000.151000,9213375,7,9213375,305116392,0,0,0,0,0,4096,-1,100,100,2021-06-18.15:21:57
com-friendster,124836180,1806067135,ac4trim,1,163534.266000,124836180,-1,124836180,1806067135,0,0,0,0,0,4096,775,100,100,2021-06-18.15:36:56
twitter,41354195,1440030213,ac4trim,1,112073.202000,4157028,-1,4157028,93811445,0,0,0,0,0,4096,288,100,100,2021-06-18.15:42:59
twitter_mpi,52579683,1963263821,ac4trim,1,128266.180000,9213375,-1,9213375,61093667,0,0,0,0,0,4096,15219,100,100,2021-06-18.15:50:26
com-friendster,124836180,1806067135,fasttrim,2,70860.141000,124836180,-1,124836180,1784415431,0,0,0,0,0,4096,611,100,100,2021-06-18.15:56:55
twitter,41354195,1440030213,fasttrim,2,4274.150000,4157028,-1,4157028,19611614,0,0,0,0,0,4096,227,100,100,2021-06-18.15:59:29
twitter_mpi,52579683,1963263821,fasttrim,2,3271.033000,9213375,-1,9213375,22546715,0,0,0,0,0,4096,327,100,100,2021-06-18.16:02:48
com-friendster,124836180,1806067135,trim,2,5207325.505000,124836180,13239,124836180,81752093849,0,0,0,0,0,4096,-1,100,100,2021-06-18.17:34:58
twitter,41354195,1440030213,trim,2,3496.275000,4157028,6,4157028,113041672,0,0,0,0,0,4096,-1,100,100,2021-06-18.17:37:33
twitter_mpi,52579683,1963263821,trim,2,4324.561000,9213375,7,9213375,152873003,0,0,0,0,0,4096,-1,100,100,2021-06-18.17:40:49
com-friendster,124836180,1806067135,ac4trim,2,131860.602000,124836180,-1,124836180,1747332554,0,0,0,0,0,4096,681,100,100,2021-06-18.17:48:27
twitter,41354195,1440030213,ac4trim,2,31106.742000,4157028,-1,4157028,47017442,0,0,0,0,0,4096,290,100,100,2021-06-18.17:51:29
twitter_mpi,52579683,1963263821,ac4trim,2,77390.118000,9213375,-1,9213375,31343661,0,0,0,0,0,4096,15219,100,100,2021-06-18.17:55:59
com-friendster,124836180,1806067135,fasttrim,4,64803.473000,124836180,-1,124836180,1773681837,0,0,0,0,0,4096,609,100,100,2021-06-18.18:00:19
twitter,41354195,1440030213,fasttrim,4,2117.732000,4157028,-1,4157028,9852527,0,0,0,0,0,4096,227,100,100,2021-06-18.18:02:03
twitter_mpi,52579683,1963263821,fasttrim,4,1826.590000,9213375,-1,9213375,11419241,0,0,0,0,0,4096,327,100,100,2021-06-18.18:04:12
com-friendster,124836180,1806067135,trim,4,2747271.810000,124836180,12635,124836180,39555305062,0,0,0,0,0,4096,-1,100,100,2021-06-18.18:53:16
twitter,41354195,1440030213,trim,4,2008.288000,4157028,6,4157028,56802743,0,0,0,0,0,4096,-1,100,100,2021-06-18.18:54:58
twitter_mpi,52579683,1963263821,trim,4,2348.080000,9213375,7,9213375,76778494,0,0,0,0,0,4096,-1,100,100,2021-06-18.18:57:06
com-friendster,124836180,1806067135,ac4trim,4,79728.123000,124836180,-1,124836180,1717794544,0,0,0,0,0,4096,681,100,100,2021-06-18.19:01:44
twitter,41354195,1440030213,ac4trim,4,20676.245000,4157028,-1,4157028,23716305,0,0,0,0,0,4096,293,100,100,2021-06-18.19:03:46
twitter_mpi,52579683,1963263821,ac4trim,4,41164.313000,9213375,-1,9213375,15826397,0,0,0,0,0,4096,15219,100,100,2021-06-18.19:06:33
com-friendster,124836180,1806067135,fasttrim,6,61856.936000,124836180,-1,124836180,1769838677,0,0,0,0,0,4096,610,100,100,2021-06-18.19:10:04
twitter,41354195,1440030213,fasttrim,6,1688.405000,4157028,-1,4157028,6706387,0,0,0,0,0,4096,245,100,100,2021-06-18.19:11:30
twitter_mpi,52579683,1963263821,fasttrim,6,1677.720000,9213375,-1,9213375,8088243,0,0,0,0,0,4096,327,100,100,2021-06-18.19:13:21
com-friendster,124836180,1806067135,trim,6,2054570.212000,124836180,12383,124836180,25940206953,0,0,0,0,0,4096,-1,100,100,2021-06-18.19:50:07
twitter,41354195,1440030213,trim,6,1627.754000,4157028,6,4157028,38568691,0,0,0,0,0,4096,-1,100,100,2021-06-18.19:51:32
twitter_mpi,52579683,1963263821,trim,6,2152.977000,9213375,7,9213375,53943041,0,0,0,0,0,4096,-1,100,100,2021-06-18.19:53:23
com-friendster,124836180,1806067135,ac4trim,6,81703.505000,124836180,-1,124836180,1707997742,0,0,0,0,0,4096,681,100,100,2021-06-18.19:57:17
twitter,41354195,1440030213,ac4trim,6,2968.263000,4157028,-1,4157028,16050376,0,0,0,0,0,4096,293,100,100,2021-06-18.19:58:45
twitter_mpi,52579683,1963263821,ac4trim,6,26056.761000,9213375,-1,9213375,11204748,0,0,0,0,0,4096,15219,100,100,2021-06-18.20:00:59
com-friendster,124836180,1806067135,fasttrim,8,61201.742000,124836180,-1,124836180,1768218310,0,0,0,0,0,4096,609,100,100,2021-06-18.20:04:11
twitter,41354195,1440030213,fasttrim,8,1415.249000,4157028,-1,4157028,4970993,0,0,0,0,0,4096,271,100,100,2021-06-18.20:05:28
twitter_mpi,52579683,1963263821,fasttrim,8,1655.163000,9213375,-1,9213375,5691531,0,0,0,0,0,4096,327,100,100,2021-06-18.20:07:09
com-friendster,124836180,1806067135,trim,8,1681059.174000,124836180,12108,124836180,18977226119,0,0,0,0,0,4096,-1,100,100,2021-06-18.20:37:19
twitter,41354195,1440030213,trim,8,1422.719000,4157028,6,4157028,28326274,0,0,0,0,0,4096,-1,100,100,2021-06-18.20:38:36
twitter_mpi,52579683,1963263821,trim,8,1966.429000,9213375,7,9213375,38427168,0,0,0,0,0,4096,-1,100,100,2021-06-18.20:40:17
com-friendster,124836180,1806067135,ac4trim,8,70944.676000,124836180,-1,124836180,1703205813,0,0,0,0,0,4096,681,100,100,2021-06-18.20:43:39
twitter,41354195,1440030213,ac4trim,8,3844.717000,4157028,-1,4157028,11887260,0,0,0,0,0,4096,293,100,100,2021-06-18.20:44:59
twitter_mpi,52579683,1963263821,ac4trim,8,1184.030000,9213375,-1,9213375,8367832,0,0,0,0,0,4096,15219,100,100,2021-06-18.20:46:40
com-friendster,124836180,1806067135,fasttrim,10,41178.741000,124836180,-1,124836180,1768194624,0,0,0,0,0,4096,696,100,100,2021-06-18.20:49:15
twitter,41354195,1440030213,fasttrim,10,1329.193000,4157028,-1,4157028,4755165,0,0,0,0,0,4096,287,100,100,2021-06-18.20:50:26
twitter_mpi,52579683,1963263821,fasttrim,10,1694.407000,9213375,-1,9213375,4691851,0,0,0,0,0,4096,327,100,100,2021-06-18.20:52:01
com-friendster,124836180,1806067135,trim,10,1353663.847000,124836180,12073,124836180,18973214478,0,0,0,0,0,4096,-1,100,100,2021-06-18.21:16:28
twitter,41354195,1440030213,trim,10,1052.206000,4157028,6,4157028,32511189,0,0,0,0,0,4096,-1,100,100,2021-06-18.21:17:40
twitter_mpi,52579683,1963263821,trim,10,1300.164000,9213375,7,9213375,46753188,0,0,0,0,0,4096,-1,100,100,2021-06-18.21:19:20
com-friendster,124836180,1806067135,ac4trim,10,66517.799000,124836180,-1,124836180,1699508177,0,0,0,0,0,4096,681,100,100,2021-06-18.21:22:22
twitter,41354195,1440030213,ac4trim,10,3749.630000,4157028,-1,4157028,9938940,0,0,0,0,0,4096,293,100,100,2021-06-18.21:23:37
twitter_mpi,52579683,1963263821,ac4trim,10,680.491000,9213375,-1,9213375,7369793,0,0,0,0,0,4096,15219,100,100,2021-06-18.21:25:11
com-friendster,124836180,1806067135,fasttrim,12,61774.795000,124836180,-1,124836180,1766152309,0,0,0,0,0,4096,684,100,100,2021-06-18.21:28:01
twitter,41354195,1440030213,fasttrim,12,1285.081000,4157028,-1,4157028,3727343,0,0,0,0,0,4096,287,100,100,2021-06-18.21:29:12
twitter_mpi,52579683,1963263821,fasttrim,12,1701.570000,9213375,-1,9213375,4024408,0,0,0,0,0,4096,327,100,100,2021-06-18.21:30:43
com-friendster,124836180,1806067135,trim,12,1270587.715000,124836180,12022,124836180,14997278243,0,0,0,0,0,4096,-1,100,100,2021-06-18.21:53:44
twitter,41354195,1440030213,trim,12,858.273000,4157028,6,4157028,22848768,0,0,0,0,0,4096,-1,100,100,2021-06-18.21:54:55
twitter_mpi,52579683,1963263821,trim,12,1274.443000,9213375,7,9213375,29813476,0,0,0,0,0,4096,-1,100,100,2021-06-18.21:56:29
com-friendster,124836180,1806067135,ac4trim,12,60018.935000,124836180,-1,124836180,1697424939,0,0,0,0,0,4096,681,100,100,2021-06-18.21:59:18
twitter,41354195,1440030213,ac4trim,12,9819.662000,4157028,-1,4157028,8402145,0,0,0,0,0,4096,293,100,100,2021-06-18.22:00:38
twitter_mpi,52579683,1963263821,ac4trim,12,945.581000,9213375,-1,9213375,6638647,0,0,0,0,0,4096,15218,100,100,2021-06-18.22:02:08
com-friendster,124836180,1806067135,fasttrim,14,62964.164000,124836180,-1,124836180,1765593066,0,0,0,0,0,4096,642,100,100,2021-06-18.22:04:57
twitter,41354195,1440030213,fasttrim,14,1274.750000,4157028,-1,4157028,3136141,0,0,0,0,0,4096,287,100,100,2021-06-18.22:06:08
twitter_mpi,52579683,1963263821,fasttrim,14,1878.316000,9213375,-1,9213375,3569234,0,0,0,0,0,4096,327,100,100,2021-06-18.22:07:42
com-friendster,124836180,1806067135,trim,14,1297095.638000,124836180,11945,124836180,12379958599,0,0,0,0,0,4096,-1,100,100,2021-06-18.22:31:06
twitter,41354195,1440030213,trim,14,1010.519000,4157028,6,4157028,20017893,0,0,0,0,0,4096,-1,100,100,2021-06-18.22:32:16
twitter_mpi,52579683,1963263821,trim,14,1327.796000,9213375,7,9213375,28911225,0,0,0,0,0,4096,-1,100,100,2021-06-18.22:33:48
com-friendster,124836180,1806067135,ac4trim,14,59094.124000,124836180,-1,124836180,1696174557,0,0,0,0,0,4096,637,100,100,2021-06-18.22:36:35
twitter,41354195,1440030213,ac4trim,14,1151.324000,4157028,-1,4157028,7074594,0,0,0,0,0,4096,293,100,100,2021-06-18.22:37:43
twitter_mpi,52579683,1963263821,ac4trim,14,9928.759000,9213375,-1,9213375,5872855,0,0,0,0,0,4096,15218,100,100,2021-06-18.22:39:24
com-friendster,124836180,1806067135,fasttrim,16,61281.528000,124836180,-1,124836180,1765215826,0,0,0,0,0,4096,685,100,100,2021-06-18.22:42:12
twitter,41354195,1440030213,fasttrim,16,1301.900000,4157028,-1,4157028,2604487,0,0,0,0,0,4096,287,100,100,2021-06-18.22:43:21
twitter_mpi,52579683,1963263821,fasttrim,16,1878.533000,9213375,-1,9213375,3351270,0,0,0,0,0,4096,327,100,100,2021-06-18.22:44:53
com-friendster,124836180,1806067135,trim,16,1279508.913000,124836180,11878,124836180,10539591614,0,0,0,0,0,4096,-1,100,100,2021-06-18.23:07:58
twitter,41354195,1440030213,trim,16,960.683000,4157028,6,4157028,16600200,0,0,0,0,0,4096,-1,100,100,2021-06-18.23:09:07
twitter_mpi,52579683,1963263821,trim,16,1057.479000,9213375,7,9213375,21138513,0,0,0,0,0,4096,-1,100,100,2021-06-18.23:10:41
com-friendster,124836180,1806067135,ac4trim,16,63001.792000,124836180,-1,124836180,1695132226,0,0,0,0,0,4096,698,100,100,2021-06-18.23:13:29
twitter,41354195,1440030213,ac4trim,16,1140.196000,4157028,-1,4157028,6435713,0,0,0,0,0,4096,293,100,100,2021-06-18.23:14:39
twitter_mpi,52579683,1963263821,ac4trim,16,603.785000,9213375,-1,9213375,5315489,0,0,0,0,0,4096,15218,100,100,2021-06-18.23:16:10
com-friendster,124836180,1806067135,fasttrim,32,61676.375000,124836180,-1,124836180,1764033273,0,0,0,0,0,4096,680,100,100,2021-06-18.23:19:02
twitter,41354195,1440030213,fasttrim,32,1402.963000,4157028,-1,4157028,1384703,0,0,0,0,0,4096,287,100,100,2021-06-18.23:20:16
twitter_mpi,52579683,1963263821,fasttrim,32,2055.842000,9213375,-1,9213375,1755768,0,0,0,0,0,4096,327,100,100,2021-06-18.23:21:57
com-friendster,124836180,1806067135,trim,32,1424382.564000,124836180,11505,124836180,5609204658,0,0,0,0,0,4096,-1,100,100,2021-06-18.23:47:31
twitter,41354195,1440030213,trim,32,1099.642000,4157028,6,4157028,9019424,0,0,0,0,0,4096,-1,100,100,2021-06-18.23:48:45
twitter_mpi,52579683,1963263821,trim,32,1428.877000,9213375,7,9213375,12184816,0,0,0,0,0,4096,-1,100,100,2021-06-18.23:50:24
com-friendster,124836180,1806067135,ac4trim,32,58159.063000,124836180,-1,124836180,1691739050,0,0,0,0,0,4096,638,100,100,2021-06-18.23:53:13
twitter,41354195,1440030213,ac4trim,32,823.069000,4157028,-1,4157028,3629969,0,0,0,0,0,4096,293,100,100,2021-06-18.23:54:25
twitter_mpi,52579683,1963263821,ac4trim,32,5128.507000,9213375,-1,9213375,3411575,0,0,0,0,0,4096,15215,100,100,2021-06-18.23:56:07
com-friendster,124836180,1806067135,fasttrim,1,79783.662000,124836180,-1,124836180,1806067135,0,0,0,0,0,4096,641,100,100,2021-06-19.00:09:29
twitter,41354195,1440030213,fasttrim,1,7814.661000,4157028,-1,4157028,39100435,0,0,0,0,0,4096,127,100,100,2021-06-19.00:13:52
twitter_mpi,52579683,1963263821,fasttrim,1,6066.051000,9213375,-1,9213375,44817791,0,0,0,0,0,4096,327,100,100,2021-06-19.00:19:19
com-friendster,124836180,1806067135,trim,1,10216901.416000,124836180,13973,124836180,168554758968,0,0,0,0,0,4096,-1,100,100,2021-06-19.03:21:54
twitter,41354195,1440030213,trim,1,6566.942000,4157028,6,4157028,225132646,0,0,0,0,0,4096,-1,100,100,2021-06-19.03:26:14
twitter_mpi,52579683,1963263821,trim,1,7444.055000,9213375,7,9213375,305116392,0,0,0,0,0,4096,-1,100,100,2021-06-19.03:31:43
com-friendster,124836180,1806067135,ac4trim,1,166865.999000,124836180,-1,124836180,1806067135,0,0,0,0,0,4096,775,100,100,2021-06-19.03:46:36
twitter,41354195,1440030213,ac4trim,1,114102.650000,4157028,-1,4157028,93811445,0,0,0,0,0,4096,288,100,100,2021-06-19.03:52:50
twitter_mpi,52579683,1963263821,ac4trim,1,131324.670000,9213375,-1,9213375,61093667,0,0,0,0,0,4096,15219,100,100,2021-06-19.04:00:24
com-friendster,124836180,1806067135,fasttrim,2,73247.588000,124836180,-1,124836180,1784526851,0,0,0,0,0,4096,611,100,100,2021-06-19.04:07:04
twitter,41354195,1440030213,fasttrim,2,4037.831000,4157028,-1,4157028,19722528,0,0,0,0,0,4096,227,100,100,2021-06-19.04:09:39
twitter_mpi,52579683,1963263821,fasttrim,2,3147.232000,9213375,-1,9213375,22557619,0,0,0,0,0,4096,327,100,100,2021-06-19.04:12:54
com-friendster,124836180,1806067135,trim,2,5063905.142000,124836180,13261,124836180,81929438764,0,0,0,0,0,4096,-1,100,100,2021-06-19.05:42:39
twitter,41354195,1440030213,trim,2,3480.590000,4157028,6,4157028,112980995,0,0,0,0,0,4096,-1,100,100,2021-06-19.05:45:17
twitter_mpi,52579683,1963263821,trim,2,4005.893000,9213375,7,9213375,153237501,0,0,0,0,0,4096,-1,100,100,2021-06-19.05:48:30
com-friendster,124836180,1806067135,ac4trim,2,131827.017000,124836180,-1,124836180,1747267647,0,0,0,0,0,4096,681,100,100,2021-06-19.05:56:09
twitter,41354195,1440030213,ac4trim,2,66251.211000,4157028,-1,4157028,47243322,0,0,0,0,0,4096,290,100,100,2021-06-19.05:59:50
twitter_mpi,52579683,1963263821,ac4trim,2,77705.460000,9213375,-1,9213375,30937729,0,0,0,0,0,4096,15219,100,100,2021-06-19.06:04:20
com-friendster,124836180,1806067135,fasttrim,4,64503.885000,124836180,-1,124836180,1773670412,0,0,0,0,0,4096,610,100,100,2021-06-19.06:08:38
twitter,41354195,1440030213,fasttrim,4,2119.877000,4157028,-1,4157028,9808337,0,0,0,0,0,4096,227,100,100,2021-06-19.06:10:23
twitter_mpi,52579683,1963263821,fasttrim,4,1784.510000,9213375,-1,9213375,11281382,0,0,0,0,0,4096,327,100,100,2021-06-19.06:12:30
com-friendster,124836180,1806067135,trim,4,2714627.522000,124836180,12610,124836180,39418340887,0,0,0,0,0,4096,-1,100,100,2021-06-19.07:01:01
twitter,41354195,1440030213,trim,4,2002.228000,4157028,6,4157028,56565692,0,0,0,0,0,4096,-1,100,100,2021-06-19.07:02:45
twitter_mpi,52579683,1963263821,trim,4,2581.084000,9213375,7,9213375,76758245,0,0,0,0,0,4096,-1,100,100,2021-06-19.07:04:53
com-friendster,124836180,1806067135,ac4trim,4,81564.555000,124836180,-1,124836180,1717891227,0,0,0,0,0,4096,681,100,100,2021-06-19.07:09:30
twitter,41354195,1440030213,ac4trim,4,4066.959000,4157028,-1,4157028,23778941,0,0,0,0,0,4096,293,100,100,2021-06-19.07:11:14
twitter_mpi,52579683,1963263821,ac4trim,4,40271.472000,9213375,-1,9213375,15780112,0,0,0,0,0,4096,15219,100,100,2021-06-19.07:14:00
com-friendster,124836180,1806067135,fasttrim,6,63170.911000,124836180,-1,124836180,1769788111,0,0,0,0,0,4096,610,100,100,2021-06-19.07:17:36
twitter,41354195,1440030213,fasttrim,6,1657.807000,4157028,-1,4157028,6846938,0,0,0,0,0,4096,230,100,100,2021-06-19.07:19:03
twitter_mpi,52579683,1963263821,fasttrim,6,1724.654000,9213375,-1,9213375,8037323,0,0,0,0,0,4096,327,100,100,2021-06-19.07:20:59
com-friendster,124836180,1806067135,trim,6,2116151.963000,124836180,12291,124836180,25720191492,0,0,0,0,0,4096,-1,100,100,2021-06-19.07:58:49
twitter,41354195,1440030213,trim,6,1516.837000,4157028,6,4157028,38622157,0,0,0,0,0,4096,-1,100,100,2021-06-19.08:00:13
twitter_mpi,52579683,1963263821,trim,6,1991.811000,9213375,7,9213375,54422236,0,0,0,0,0,4096,-1,100,100,2021-06-19.08:02:03
com-friendster,124836180,1806067135,ac4trim,6,69297.644000,124836180,-1,124836180,1708133998,0,0,0,0,0,4096,681,100,100,2021-06-19.08:05:45
twitter,41354195,1440030213,ac4trim,6,22808.500000,4157028,-1,4157028,15971194,0,0,0,0,0,4096,293,100,100,2021-06-19.08:07:33
twitter_mpi,52579683,1963263821,ac4trim,6,1111.862000,9213375,-1,9213375,10620446,0,0,0,0,0,4096,15219,100,100,2021-06-19.08:09:23
com-friendster,124836180,1806067135,fasttrim,8,61503.697000,124836180,-1,124836180,1768232811,0,0,0,0,0,4096,609,100,100,2021-06-19.08:12:33
twitter,41354195,1440030213,fasttrim,8,1403.309000,4157028,-1,4157028,4992488,0,0,0,0,0,4096,271,100,100,2021-06-19.08:13:49
twitter_mpi,52579683,1963263821,fasttrim,8,1517.147000,9213375,-1,9213375,5727333,0,0,0,0,0,4096,327,100,100,2021-06-19.08:15:29
com-friendster,124836180,1806067135,trim,8,1689146.898000,124836180,12160,124836180,19081964390,0,0,0,0,0,4096,-1,100,100,2021-06-19.08:45:47
twitter,41354195,1440030213,trim,8,1406.922000,4157028,6,4157028,28331376,0,0,0,0,0,4096,-1,100,100,2021-06-19.08:47:06
twitter_mpi,52579683,1963263821,trim,8,1953.836000,9213375,7,9213375,38389128,0,0,0,0,0,4096,-1,100,100,2021-06-19.08:48:47
com-friendster,124836180,1806067135,ac4trim,8,67061.640000,124836180,-1,124836180,1703247289,0,0,0,0,0,4096,681,100,100,2021-06-19.08:52:06
twitter,41354195,1440030213,ac4trim,8,2344.103000,4157028,-1,4157028,11951422,0,0,0,0,0,4096,293,100,100,2021-06-19.08:53:25
twitter_mpi,52579683,1963263821,ac4trim,8,19657.570000,9213375,-1,9213375,8607876,0,0,0,0,0,4096,15219,100,100,2021-06-19.08:55:23
com-friendster,124836180,1806067135,fasttrim,10,63697.255000,124836180,-1,124836180,1766934679,0,0,0,0,0,4096,685,100,100,2021-06-19.08:58:22
twitter,41354195,1440030213,fasttrim,10,1344.860000,4157028,-1,4157028,4774830,0,0,0,0,0,4096,287,100,100,2021-06-19.08:59:36
twitter_mpi,52579683,1963263821,fasttrim,10,1696.086000,9213375,-1,9213375,4644717,0,0,0,0,0,4096,327,100,100,2021-06-19.09:01:11
com-friendster,124836180,1806067135,trim,10,1348914.248000,124836180,12120,124836180,18935321415,0,0,0,0,0,4096,-1,100,100,2021-06-19.09:25:33
twitter,41354195,1440030213,trim,10,1046.137000,4157028,6,4157028,32313069,0,0,0,0,0,4096,-1,100,100,2021-06-19.09:26:46
twitter_mpi,52579683,1963263821,trim,10,1419.593000,9213375,7,9213375,46408266,0,0,0,0,0,4096,-1,100,100,2021-06-19.09:28:21
com-friendster,124836180,1806067135,ac4trim,10,49737.454000,124836180,-1,124836180,1703307297,0,0,0,0,0,4096,681,100,100,2021-06-19.09:31:05
twitter,41354195,1440030213,ac4trim,10,2188.534000,4157028,-1,4157028,10058566,0,0,0,0,0,4096,293,100,100,2021-06-19.09:32:18
twitter_mpi,52579683,1963263821,ac4trim,10,680.400000,9213375,-1,9213375,8025886,0,0,0,0,0,4096,15219,100,100,2021-06-19.09:33:52
com-friendster,124836180,1806067135,fasttrim,12,41352.122000,124836180,-1,124836180,1767159631,0,0,0,0,0,4096,683,100,100,2021-06-19.09:36:27
twitter,41354195,1440030213,fasttrim,12,1279.985000,4157028,-1,4157028,3738197,0,0,0,0,0,4096,287,100,100,2021-06-19.09:37:38
twitter_mpi,52579683,1963263821,fasttrim,12,1739.630000,9213375,-1,9213375,3982381,0,0,0,0,0,4096,327,100,100,2021-06-19.09:39:10
com-friendster,124836180,1806067135,trim,12,1302425.908000,124836180,12047,124836180,15284545745,0,0,0,0,0,4096,-1,100,100,2021-06-19.10:02:43
twitter,41354195,1440030213,trim,12,976.521000,4157028,6,4157028,23410277,0,0,0,0,0,4096,-1,100,100,2021-06-19.10:03:54
twitter_mpi,52579683,1963263821,trim,12,1277.608000,9213375,7,9213375,32804208,0,0,0,0,0,4096,-1,100,100,2021-06-19.10:05:26
com-friendster,124836180,1806067135,ac4trim,12,60196.328000,124836180,-1,124836180,1697401841,0,0,0,0,0,4096,637,100,100,2021-06-19.10:08:15
twitter,41354195,1440030213,ac4trim,12,1442.219000,4157028,-1,4157028,8191029,0,0,0,0,0,4096,293,100,100,2021-06-19.10:09:26
twitter_mpi,52579683,1963263821,ac4trim,12,736.093000,9213375,-1,9213375,6491666,0,0,0,0,0,4096,15219,100,100,2021-06-19.10:10:58
com-friendster,124836180,1806067135,fasttrim,14,60630.044000,124836180,-1,124836180,1765601315,0,0,0,0,0,4096,610,100,100,2021-06-19.10:13:45
twitter,41354195,1440030213,fasttrim,14,1287.284000,4157028,-1,4157028,3119662,0,0,0,0,0,4096,287,100,100,2021-06-19.10:14:57
twitter_mpi,52579683,1963263821,fasttrim,14,1873.427000,9213375,-1,9213375,3591381,0,0,0,0,0,4096,327,100,100,2021-06-19.10:16:32
com-friendster,124836180,1806067135,trim,14,1279143.384000,124836180,11957,124836180,12394550234,0,0,0,0,0,4096,-1,100,100,2021-06-19.10:39:38
twitter,41354195,1440030213,trim,14,963.609000,4157028,6,4157028,19959881,0,0,0,0,0,4096,-1,100,100,2021-06-19.10:40:48
twitter_mpi,52579683,1963263821,trim,14,1182.012000,9213375,7,9213375,29300391,0,0,0,0,0,4096,-1,100,100,2021-06-19.10:42:20
com-friendster,124836180,1806067135,ac4trim,14,60730.289000,124836180,-1,124836180,1696087790,0,0,0,0,0,4096,681,100,100,2021-06-19.10:45:06
twitter,41354195,1440030213,ac4trim,14,1328.274000,4157028,-1,4157028,7224810,0,0,0,0,0,4096,293,100,100,2021-06-19.10:46:17
twitter_mpi,52579683,1963263821,ac4trim,14,759.051000,9213375,-1,9213375,5239093,0,0,0,0,0,4096,15218,100,100,2021-06-19.10:47:48
com-friendster,124836180,1806067135,fasttrim,16,61428.364000,124836180,-1,124836180,1765222236,0,0,0,0,0,4096,624,100,100,2021-06-19.10:50:35
twitter,41354195,1440030213,fasttrim,16,1272.143000,4157028,-1,4157028,2623168,0,0,0,0,0,4096,287,100,100,2021-06-19.10:51:46
twitter_mpi,52579683,1963263821,fasttrim,16,1886.940000,9213375,-1,9213375,3357129,0,0,0,0,0,4096,327,100,100,2021-06-19.10:53:20
com-friendster,124836180,1806067135,trim,16,1274483.832000,124836180,11904,124836180,10585357025,0,0,0,0,0,4096,-1,100,100,2021-06-19.11:16:19
twitter,41354195,1440030213,trim,16,958.140000,4157028,6,4157028,16500470,0,0,0,0,0,4096,-1,100,100,2021-06-19.11:17:29
twitter_mpi,52579683,1963263821,trim,16,1187.172000,9213375,7,9213375,23337241,0,0,0,0,0,4096,-1,100,100,2021-06-19.11:19:01
com-friendster,124836180,1806067135,ac4trim,16,59654.087000,124836180,-1,124836180,1695131201,0,0,0,0,0,4096,637,100,100,2021-06-19.11:21:48
twitter,41354195,1440030213,ac4trim,16,664.099000,4157028,-1,4157028,6395495,0,0,0,0,0,4096,293,100,100,2021-06-19.11:22:57
twitter_mpi,52579683,1963263821,ac4trim,16,589.868000,9213375,-1,9213375,5285750,0,0,0,0,0,4096,15218,100,100,2021-06-19.11:24:30
com-friendster,124836180,1806067135,fasttrim,32,61877.915000,124836180,-1,124836180,1764040122,0,0,0,0,0,4096,695,100,100,2021-06-19.11:27:23
twitter,41354195,1440030213,fasttrim,32,1402.589000,4157028,-1,4157028,1497054,0,0,0,0,0,4096,287,100,100,2021-06-19.11:28:38
twitter_mpi,52579683,1963263821,fasttrim,32,1963.520000,9213375,-1,9213375,1729712,0,0,0,0,0,4096,327,100,100,2021-06-19.11:30:18
com-friendster,124836180,1806067135,trim,32,1330372.074000,124836180,11511,124836180,5414128566,0,0,0,0,0,4096,-1,100,100,2021-06-19.11:54:20
twitter,41354195,1440030213,trim,32,1049.765000,4157028,6,4157028,7920686,0,0,0,0,0,4096,-1,100,100,2021-06-19.11:55:36
twitter_mpi,52579683,1963263821,trim,32,1408.685000,9213375,7,9213375,12359441,0,0,0,0,0,4096,-1,100,100,2021-06-19.11:57:14
com-friendster,124836180,1806067135,ac4trim,32,57704.387000,124836180,-1,124836180,1691803986,0,0,0,0,0,4096,581,100,100,2021-06-19.12:00:04
twitter,41354195,1440030213,ac4trim,32,831.831000,4157028,-1,4157028,3611059,0,0,0,0,0,4096,293,100,100,2021-06-19.12:01:18
twitter_mpi,52579683,1963263821,ac4trim,32,648.038000,9213375,-1,9213375,3411489,0,0,0,0,0,4096,15216,100,100,2021-06-19.12:02:59
com-friendster,124836180,1806067135,fasttrim,1,82108.597000,124836180,-1,124836180,1806067135,0,0,0,0,0,4096,641,100,100,2021-06-19.12:16:32
twitter,41354195,1440030213,fasttrim,1,7759.646000,4157028,-1,4157028,39100435,0,0,0,0,0,4096,127,100,100,2021-06-19.12:21:06
twitter_mpi,52579683,1963263821,fasttrim,1,6486.131000,9213375,-1,9213375,44817791,0,0,0,0,0,4096,327,100,100,2021-06-19.12:26:31
com-friendster,124836180,1806067135,trim,1,10220287.483000,124836180,13973,124836180,168554758968,0,0,0,0,0,4096,-1,100,100,2021-06-19.15:29:48
twitter,41354195,1440030213,trim,1,6703.559000,4157028,6,4157028,225132646,0,0,0,0,0,4096,-1,100,100,2021-06-19.15:34:23
twitter_mpi,52579683,1963263821,trim,1,7965.563000,9213375,7,9213375,305116392,0,0,0,0,0,4096,-1,100,100,2021-06-19.15:39:51
com-friendster,124836180,1806067135,ac4trim,1,175286.860000,124836180,-1,124836180,1806067135,0,0,0,0,0,4096,775,100,100,2021-06-19.15:54:55
twitter,41354195,1440030213,ac4trim,1,110883.188000,4157028,-1,4157028,93811445,0,0,0,0,0,4096,288,100,100,2021-06-19.16:00:56
twitter_mpi,52579683,1963263821,ac4trim,1,127519.752000,9213375,-1,9213375,61093667,0,0,0,0,0,4096,15219,100,100,2021-06-19.16:08:26
com-friendster,124836180,1806067135,fasttrim,2,73352.490000,124836180,-1,124836180,1784397693,0,0,0,0,0,4096,611,100,100,2021-06-19.16:14:55
twitter,41354195,1440030213,fasttrim,2,4020.642000,4157028,-1,4157028,19634831,0,0,0,0,0,4096,227,100,100,2021-06-19.16:17:19
twitter_mpi,52579683,1963263821,fasttrim,2,3445.813000,9213375,-1,9213375,22410315,0,0,0,0,0,4096,327,100,100,2021-06-19.16:20:32
com-friendster,124836180,1806067135,trim,2,5023941.592000,124836180,13245,124836180,81920122296,0,0,0,0,0,4096,-1,100,100,2021-06-19.17:49:39
twitter,41354195,1440030213,trim,2,3372.576000,4157028,6,4157028,112980647,0,0,0,0,0,4096,-1,100,100,2021-06-19.17:52:07
twitter_mpi,52579683,1963263821,trim,2,4315.171000,9213375,7,9213375,153159974,0,0,0,0,0,4096,-1,100,100,2021-06-19.17:55:22
com-friendster,124836180,1806067135,ac4trim,2,137815.951000,124836180,-1,124836180,1747267477,0,0,0,0,0,4096,681,100,100,2021-06-19.18:03:02
twitter,41354195,1440030213,ac4trim,2,67356.207000,4157028,-1,4157028,47611505,0,0,0,0,0,4096,290,100,100,2021-06-19.18:06:46
twitter_mpi,52579683,1963263821,ac4trim,2,76380.061000,9213375,-1,9213375,30785052,0,0,0,0,0,4096,15219,100,100,2021-06-19.18:11:13
com-friendster,124836180,1806067135,fasttrim,4,63886.486000,124836180,-1,124836180,1773577201,0,0,0,0,0,4096,609,100,100,2021-06-19.18:15:34
twitter,41354195,1440030213,fasttrim,4,2094.541000,4157028,-1,4157028,9853589,0,0,0,0,0,4096,227,100,100,2021-06-19.18:17:20
twitter_mpi,52579683,1963263821,fasttrim,4,1753.953000,9213375,-1,9213375,11350996,0,0,0,0,0,4096,327,100,100,2021-06-19.18:19:29
com-friendster,124836180,1806067135,trim,4,2834227.278000,124836180,12594,124836180,39463495912,0,0,0,0,0,4096,-1,100,100,2021-06-19.19:09:58
twitter,41354195,1440030213,trim,4,2000.043000,4157028,6,4157028,56660485,0,0,0,0,0,4096,-1,100,100,2021-06-19.19:11:43
twitter_mpi,52579683,1963263821,trim,4,2550.070000,9213375,7,9213375,76964478,0,0,0,0,0,4096,-1,100,100,2021-06-19.19:13:52
com-friendster,124836180,1806067135,ac4trim,4,82176.083000,124836180,-1,124836180,1717883773,0,0,0,0,0,4096,681,100,100,2021-06-19.19:18:26
twitter,41354195,1440030213,ac4trim,4,20241.014000,4157028,-1,4157028,23511396,0,0,0,0,0,4096,293,100,100,2021-06-19.19:20:24
twitter_mpi,52579683,1963263821,ac4trim,4,20195.526000,9213375,-1,9213375,15795801,0,0,0,0,0,4096,15219,100,100,2021-06-19.19:22:51
com-friendster,124836180,1806067135,fasttrim,6,63483.385000,124836180,-1,124836180,1769832301,0,0,0,0,0,4096,610,100,100,2021-06-19.19:26:26
twitter,41354195,1440030213,fasttrim,6,1775.377000,4157028,-1,4157028,6726379,0,0,0,0,0,4096,272,100,100,2021-06-19.19:27:53
twitter_mpi,52579683,1963263821,fasttrim,6,1689.748000,9213375,-1,9213375,8037771,0,0,0,0,0,4096,327,100,100,2021-06-19.19:29:43
com-friendster,124836180,1806067135,trim,6,2120986.582000,124836180,12341,124836180,25826546706,0,0,0,0,0,4096,-1,100,100,2021-06-19.20:07:35
twitter,41354195,1440030213,trim,6,1517.225000,4157028,6,4157028,38541524,0,0,0,0,0,4096,-1,100,100,2021-06-19.20:09:00
twitter_mpi,52579683,1963263821,trim,6,2088.337000,9213375,7,9213375,54298658,0,0,0,0,0,4096,-1,100,100,2021-06-19.20:10:50
com-friendster,124836180,1806067135,ac4trim,6,73174.405000,124836180,-1,124836180,1708126738,0,0,0,0,0,4096,681,100,100,2021-06-19.20:14:37
twitter,41354195,1440030213,ac4trim,6,2932.678000,4157028,-1,4157028,15908289,0,0,0,0,0,4096,293,100,100,2021-06-19.20:16:04
twitter_mpi,52579683,1963263821,ac4trim,6,1018.088000,9213375,-1,9213375,10638013,0,0,0,0,0,4096,15219,100,100,2021-06-19.20:17:53
com-friendster,124836180,1806067135,fasttrim,8,60941.887000,124836180,-1,124836180,1768237870,0,0,0,0,0,4096,609,100,100,2021-06-19.20:21:05
twitter,41354195,1440030213,fasttrim,8,1419.787000,4157028,-1,4157028,4929211,0,0,0,0,0,4096,272,100,100,2021-06-19.20:22:22
twitter_mpi,52579683,1963263821,fasttrim,8,1527.488000,9213375,-1,9213375,5706527,0,0,0,0,0,4096,327,100,100,2021-06-19.20:24:04
com-friendster,124836180,1806067135,trim,8,1683480.812000,124836180,12188,124836180,19129160410,0,0,0,0,0,4096,-1,100,100,2021-06-19.20:54:20
twitter,41354195,1440030213,trim,8,1365.593000,4157028,6,4157028,28333087,0,0,0,0,0,4096,-1,100,100,2021-06-19.20:55:39
twitter_mpi,52579683,1963263821,trim,8,1647.699000,9213375,7,9213375,38482000,0,0,0,0,0,4096,-1,100,100,2021-06-19.20:57:24
com-friendster,124836180,1806067135,ac4trim,8,68025.644000,124836180,-1,124836180,1703154997,0,0,0,0,0,4096,681,100,100,2021-06-19.21:00:42
twitter,41354195,1440030213,ac4trim,8,3764.035000,4157028,-1,4157028,11930206,0,0,0,0,0,4096,293,100,100,2021-06-19.21:02:02
twitter_mpi,52579683,1963263821,ac4trim,8,1008.034000,9213375,-1,9213375,8278644,0,0,0,0,0,4096,15219,100,100,2021-06-19.21:03:42
com-friendster,124836180,1806067135,fasttrim,10,60516.589000,124836180,-1,124836180,1766932909,0,0,0,0,0,4096,685,100,100,2021-06-19.21:06:37
twitter,41354195,1440030213,fasttrim,10,1326.008000,4157028,-1,4157028,4669937,0,0,0,0,0,4096,260,100,100,2021-06-19.21:07:49
twitter_mpi,52579683,1963263821,fasttrim,10,1716.504000,9213375,-1,9213375,4681081,0,0,0,0,0,4096,327,100,100,2021-06-19.21:09:24
com-friendster,124836180,1806067135,trim,10,1349364.503000,124836180,12099,124836180,18810569406,0,0,0,0,0,4096,-1,100,100,2021-06-19.21:33:45
twitter,41354195,1440030213,trim,10,1011.294000,4157028,6,4157028,30441430,0,0,0,0,0,4096,-1,100,100,2021-06-19.21:34:57
twitter_mpi,52579683,1963263821,trim,10,1151.567000,9213375,7,9213375,42774515,0,0,0,0,0,4096,-1,100,100,2021-06-19.21:36:34
com-friendster,124836180,1806067135,ac4trim,10,64960.856000,124836180,-1,124836180,1699416654,0,0,0,0,0,4096,681,100,100,2021-06-19.21:39:32
twitter,41354195,1440030213,ac4trim,10,1836.311000,4157028,-1,4157028,10175922,0,0,0,0,0,4096,293,100,100,2021-06-19.21:40:45
twitter_mpi,52579683,1963263821,ac4trim,10,13138.195000,9213375,-1,9213375,6838502,0,0,0,0,0,4096,15219,100,100,2021-06-19.21:42:31
com-friendster,124836180,1806067135,fasttrim,12,62096.220000,124836180,-1,124836180,1766125198,0,0,0,0,0,4096,684,100,100,2021-06-19.21:45:21
twitter,41354195,1440030213,fasttrim,12,1275.596000,4157028,-1,4157028,3718376,0,0,0,0,0,4096,287,100,100,2021-06-19.21:46:31
twitter_mpi,52579683,1963263821,fasttrim,12,1700.894000,9213375,-1,9213375,3961140,0,0,0,0,0,4096,327,100,100,2021-06-19.21:48:04
com-friendster,124836180,1806067135,trim,12,1241561.855000,124836180,11977,124836180,14669477990,0,0,0,0,0,4096,-1,100,100,2021-06-19.22:10:34
twitter,41354195,1440030213,trim,12,961.861000,4157028,6,4157028,22426507,0,0,0,0,0,4096,-1,100,100,2021-06-19.22:11:44
twitter_mpi,52579683,1963263821,trim,12,1189.153000,9213375,7,9213375,32659008,0,0,0,0,0,4096,-1,100,100,2021-06-19.22:13:16
com-friendster,124836180,1806067135,ac4trim,12,42618.404000,124836180,-1,124836180,1699956510,0,0,0,0,0,4096,681,100,100,2021-06-19.22:15:49
twitter,41354195,1440030213,ac4trim,12,1338.002000,4157028,-1,4157028,8224699,0,0,0,0,0,4096,293,100,100,2021-06-19.22:16:59
twitter_mpi,52579683,1963263821,ac4trim,12,6763.833000,9213375,-1,9213375,6145480,0,0,0,0,0,4096,15218,100,100,2021-06-19.22:18:37
com-friendster,124836180,1806067135,fasttrim,14,60978.852000,124836180,-1,124836180,1765599961,0,0,0,0,0,4096,609,100,100,2021-06-19.22:21:24
twitter,41354195,1440030213,fasttrim,14,1302.203000,4157028,-1,4157028,3169734,0,0,0,0,0,4096,287,100,100,2021-06-19.22:22:35
twitter_mpi,52579683,1963263821,fasttrim,14,1901.015000,9213375,-1,9213375,3616557,0,0,0,0,0,4096,327,100,100,2021-06-19.22:24:10
com-friendster,124836180,1806067135,trim,14,1218358.013000,124836180,11927,124836180,12058996369,0,0,0,0,0,4096,-1,100,100,2021-06-19.22:46:15
twitter,41354195,1440030213,trim,14,834.042000,4157028,6,4157028,19151735,0,0,0,0,0,4096,-1,100,100,2021-06-19.22:47:25
twitter_mpi,52579683,1963263821,trim,14,1184.034000,9213375,7,9213375,29411993,0,0,0,0,0,4096,-1,100,100,2021-06-19.22:48:58
com-friendster,124836180,1806067135,ac4trim,14,59288.624000,124836180,-1,124836180,1696085987,0,0,0,0,0,4096,637,100,100,2021-06-19.22:51:43
twitter,41354195,1440030213,ac4trim,14,1985.374000,4157028,-1,4157028,7022306,0,0,0,0,0,4096,293,100,100,2021-06-19.22:52:54
twitter_mpi,52579683,1963263821,ac4trim,14,759.574000,9213375,-1,9213375,5806639,0,0,0,0,0,4096,15218,100,100,2021-06-19.22:54:28
com-friendster,124836180,1806067135,fasttrim,16,61811.811000,124836180,-1,124836180,1765234497,0,0,0,0,0,4096,623,100,100,2021-06-19.22:57:16
twitter,41354195,1440030213,fasttrim,16,1280.871000,4157028,-1,4157028,2572317,0,0,0,0,0,4096,287,100,100,2021-06-19.22:58:29
twitter_mpi,52579683,1963263821,fasttrim,16,1890.709000,9213375,-1,9213375,3365675,0,0,0,0,0,4096,327,100,100,2021-06-19.23:00:02
com-friendster,124836180,1806067135,trim,16,1260053.007000,124836180,11921,124836180,10520173133,0,0,0,0,0,4096,-1,100,100,2021-06-19.23:22:49
twitter,41354195,1440030213,trim,16,952.805000,4157028,6,4157028,16638379,0,0,0,0,0,4096,-1,100,100,2021-06-19.23:23:58
twitter_mpi,52579683,1963263821,trim,16,1209.560000,9213375,7,9213375,19325767,0,0,0,0,0,4096,-1,100,100,2021-06-19.23:25:30
com-friendster,124836180,1806067135,ac4trim,16,58448.193000,124836180,-1,124836180,1695162306,0,0,0,0,0,4096,698,100,100,2021-06-19.23:28:14
twitter,41354195,1440030213,ac4trim,16,1228.072000,4157028,-1,4157028,6427137,0,0,0,0,0,4096,293,100,100,2021-06-19.23:29:23
twitter_mpi,52579683,1963263821,ac4trim,16,5605.589000,9213375,-1,9213375,5331561,0,0,0,0,0,4096,15218,100,100,2021-06-19.23:30:58
com-friendster,124836180,1806067135,fasttrim,32,60347.108000,124836180,-1,124836180,1764054117,0,0,0,0,0,4096,568,100,100,2021-06-19.23:33:49
twitter,41354195,1440030213,fasttrim,32,1399.455000,4157028,-1,4157028,1377268,0,0,0,0,0,4096,287,100,100,2021-06-19.23:35:03
twitter_mpi,52579683,1963263821,fasttrim,32,2151.491000,9213375,-1,9213375,1758057,0,0,0,0,0,4096,327,100,100,2021-06-19.23:36:44
com-friendster,124836180,1806067135,trim,32,1405068.843000,124836180,11520,124836180,5571797910,0,0,0,0,0,4096,-1,100,100,2021-06-20.00:01:59
twitter,41354195,1440030213,trim,32,952.319000,4157028,6,4157028,8319360,0,0,0,0,0,4096,-1,100,100,2021-06-20.00:03:14
twitter_mpi,52579683,1963263821,trim,32,1429.370000,9213375,7,9213375,12188007,0,0,0,0,0,4096,-1,100,100,2021-06-20.00:04:54
com-friendster,124836180,1806067135,ac4trim,32,57732.611000,124836180,-1,124836180,1691794455,0,0,0,0,0,4096,681,100,100,2021-06-20.00:07:43
twitter,41354195,1440030213,ac4trim,32,2202.487000,4157028,-1,4157028,3569161,0,0,0,0,0,4096,293,100,100,2021-06-20.00:08:58
twitter_mpi,52579683,1963263821,ac4trim,32,813.764000,9213375,-1,9213375,3411483,0,0,0,0,0,4096,15216,100,100,2021-06-20.00:10:41
com-friendster,124836180,1806067135,fasttrim,1,79685.612000,124836180,-1,124836180,1806067135,0,0,0,0,0,4096,641,100,100,2021-06-20.00:24:32
twitter,41354195,1440030213,fasttrim,1,7593.683000,4157028,-1,4157028,39100435,0,0,0,0,0,4096,127,100,100,2021-06-20.00:28:54
twitter_mpi,52579683,1963263821,fasttrim,1,6297.070000,9213375,-1,9213375,44817791,0,0,0,0,0,4096,327,100,100,2021-06-20.00:34:20
com-friendster,124836180,1806067135,trim,1,9848665.680000,124836180,13973,124836180,168554758968,0,0,0,0,0,4096,-1,100,100,2021-06-20.03:32:50
twitter,41354195,1440030213,trim,1,6327.733000,4157028,6,4157028,225132646,0,0,0,0,0,4096,-1,100,100,2021-06-20.03:36:58
twitter_mpi,52579683,1963263821,trim,1,6722.210000,9213375,7,9213375,305116392,0,0,0,0,0,4096,-1,100,100,2021-06-20.03:42:22
com-friendster,124836180,1806067135,ac4trim,1,170980.553000,124836180,-1,124836180,1806067135,0,0,0,0,0,4096,775,100,100,2021-06-20.03:58:27
twitter,41354195,1440030213,ac4trim,1,113479.860000,4157028,-1,4157028,93811445,0,0,0,0,0,4096,288,100,100,2021-06-20.04:04:44
twitter_mpi,52579683,1963263821,ac4trim,1,130021.734000,9213375,-1,9213375,61093667,0,0,0,0,0,4096,15219,100,100,2021-06-20.04:12:15
com-friendster,124836180,1806067135,fasttrim,2,72378.811000,124836180,-1,124836180,1784376797,0,0,0,0,0,4096,611,100,100,2021-06-20.04:18:49
twitter,41354195,1440030213,fasttrim,2,3950.077000,4157028,-1,4157028,19602044,0,0,0,0,0,4096,227,100,100,2021-06-20.04:21:28
twitter_mpi,52579683,1963263821,fasttrim,2,3301.275000,9213375,-1,9213375,22545804,0,0,0,0,0,4096,327,100,100,2021-06-20.04:24:41
com-friendster,124836180,1806067135,trim,2,5054934.418000,124836180,13246,124836180,81814826717,0,0,0,0,0,4096,-1,100,100,2021-06-20.05:54:22
twitter,41354195,1440030213,trim,2,3479.551000,4157028,6,4157028,113070800,0,0,0,0,0,4096,-1,100,100,2021-06-20.05:57:00
twitter_mpi,52579683,1963263821,trim,2,4020.281000,9213375,7,9213375,153284800,0,0,0,0,0,4096,-1,100,100,2021-06-20.06:00:14
com-friendster,124836180,1806067135,ac4trim,2,133384.840000,124836180,-1,124836180,1747346906,0,0,0,0,0,4096,681,100,100,2021-06-20.06:08:02
twitter,41354195,1440030213,ac4trim,2,67079.064000,4157028,-1,4157028,47492208,0,0,0,0,0,4096,290,100,100,2021-06-20.06:11:40
twitter_mpi,52579683,1963263821,ac4trim,2,81552.019000,9213375,-1,9213375,30657964,0,0,0,0,0,4096,15219,100,100,2021-06-20.06:16:13
com-friendster,124836180,1806067135,fasttrim,4,63901.487000,124836180,-1,124836180,1773628113,0,0,0,0,0,4096,610,100,100,2021-06-20.06:20:32
twitter,41354195,1440030213,fasttrim,4,2135.629000,4157028,-1,4157028,9819032,0,0,0,0,0,4096,227,100,100,2021-06-20.06:22:09
twitter_mpi,52579683,1963263821,fasttrim,4,1667.859000,9213375,-1,9213375,11454254,0,0,0,0,0,4096,327,100,100,2021-06-20.06:24:18
com-friendster,124836180,1806067135,trim,4,2723769.993000,124836180,12605,124836180,39320200895,0,0,0,0,0,4096,-1,100,100,2021-06-20.07:12:57
twitter,41354195,1440030213,trim,4,2000.608000,4157028,6,4157028,56612926,0,0,0,0,0,4096,-1,100,100,2021-06-20.07:14:40
twitter_mpi,52579683,1963263821,trim,4,2451.138000,9213375,7,9213375,76621273,0,0,0,0,0,4096,-1,100,100,2021-06-20.07:16:49
com-friendster,124836180,1806067135,ac4trim,4,76110.418000,124836180,-1,124836180,1717907395,0,0,0,0,0,4096,681,100,100,2021-06-20.07:21:20
twitter,41354195,1440030213,ac4trim,4,33849.018000,4157028,-1,4157028,23873919,0,0,0,0,0,4096,293,100,100,2021-06-20.07:23:35
twitter_mpi,52579683,1963263821,ac4trim,4,40197.222000,9213375,-1,9213375,15831189,0,0,0,0,0,4096,15219,100,100,2021-06-20.07:26:22
com-friendster,124836180,1806067135,fasttrim,6,63408.597000,124836180,-1,124836180,1769723967,0,0,0,0,0,4096,611,100,100,2021-06-20.07:29:55
twitter,41354195,1440030213,fasttrim,6,1656.609000,4157028,-1,4157028,6695283,0,0,0,0,0,4096,245,100,100,2021-06-20.07:31:19
twitter_mpi,52579683,1963263821,fasttrim,6,1699.921000,9213375,-1,9213375,8075901,0,0,0,0,0,4096,327,100,100,2021-06-20.07:33:09
com-friendster,124836180,1806067135,trim,6,2149880.915000,124836180,12363,124836180,25902894598,0,0,0,0,0,4096,-1,100,100,2021-06-20.08:11:30
twitter,41354195,1440030213,trim,6,1593.451000,4157028,6,4157028,38644980,0,0,0,0,0,4096,-1,100,100,2021-06-20.08:12:55
twitter_mpi,52579683,1963263821,trim,6,2117.798000,9213375,7,9213375,54151169,0,0,0,0,0,4096,-1,100,100,2021-06-20.08:14:53
com-friendster,124836180,1806067135,ac4trim,6,73031.423000,124836180,-1,124836180,1708127305,0,0,0,0,0,4096,681,100,100,2021-06-20.08:18:40
twitter,41354195,1440030213,ac4trim,6,2432.786000,4157028,-1,4157028,15904140,0,0,0,0,0,4096,293,100,100,2021-06-20.08:20:03
twitter_mpi,52579683,1963263821,ac4trim,6,25969.255000,9213375,-1,9213375,11017262,0,0,0,0,0,4096,15219,100,100,2021-06-20.08:22:17
com-friendster,124836180,1806067135,fasttrim,8,61785.642000,124836180,-1,124836180,1768242862,0,0,0,0,0,4096,608,100,100,2021-06-20.08:25:32
twitter,41354195,1440030213,fasttrim,8,1411.638000,4157028,-1,4157028,4921638,0,0,0,0,0,4096,272,100,100,2021-06-20.08:26:50
twitter_mpi,52579683,1963263821,fasttrim,8,1539.002000,9213375,-1,9213375,5657609,0,0,0,0,0,4096,327,100,100,2021-06-20.08:28:30
com-friendster,124836180,1806067135,trim,8,1689262.610000,124836180,12171,124836180,19105077383,0,0,0,0,0,4096,-1,100,100,2021-06-20.08:58:50
twitter,41354195,1440030213,trim,8,1378.403000,4157028,6,4157028,28526179,0,0,0,0,0,4096,-1,100,100,2021-06-20.09:00:09
twitter_mpi,52579683,1963263821,trim,8,1757.817000,9213375,7,9213375,38517472,0,0,0,0,0,4096,-1,100,100,2021-06-20.09:01:50
com-friendster,124836180,1806067135,ac4trim,8,68315.803000,124836180,-1,124836180,1703306788,0,0,0,0,0,4096,681,100,100,2021-06-20.09:05:12
twitter,41354195,1440030213,ac4trim,8,2247.719000,4157028,-1,4157028,11894736,0,0,0,0,0,4096,293,100,100,2021-06-20.09:06:28
twitter_mpi,52579683,1963263821,ac4trim,8,954.674000,9213375,-1,9213375,8453277,0,0,0,0,0,4096,15219,100,100,2021-06-20.09:08:09
com-friendster,124836180,1806067135,fasttrim,10,42556.137000,124836180,-1,124836180,1768166397,0,0,0,0,0,4096,609,100,100,2021-06-20.09:10:49
twitter,41354195,1440030213,fasttrim,10,1323.859000,4157028,-1,4157028,4739911,0,0,0,0,0,4096,287,100,100,2021-06-20.09:11:59
twitter_mpi,52579683,1963263821,fasttrim,10,1713.560000,9213375,-1,9213375,4692210,0,0,0,0,0,4096,327,100,100,2021-06-20.09:13:35
com-friendster,124836180,1806067135,trim,10,1348186.640000,124836180,12069,124836180,18758234487,0,0,0,0,0,4096,-1,100,100,2021-06-20.09:37:57
twitter,41354195,1440030213,trim,10,1047.861000,4157028,6,4157028,30291281,0,0,0,0,0,4096,-1,100,100,2021-06-20.09:39:10
twitter_mpi,52579683,1963263821,trim,10,1256.708000,9213375,7,9213375,46857825,0,0,0,0,0,4096,-1,100,100,2021-06-20.09:40:45
com-friendster,124836180,1806067135,ac4trim,10,64830.840000,124836180,-1,124836180,1699534092,0,0,0,0,0,4096,681,100,100,2021-06-20.09:43:43
twitter,41354195,1440030213,ac4trim,10,1587.196000,4157028,-1,4157028,10248287,0,0,0,0,0,4096,293,100,100,2021-06-20.09:44:55
twitter_mpi,52579683,1963263821,ac4trim,10,13426.046000,9213375,-1,9213375,7289093,0,0,0,0,0,4096,15219,100,100,2021-06-20.09:46:42
com-friendster,124836180,1806067135,fasttrim,12,60949.352000,124836180,-1,124836180,1766149966,0,0,0,0,0,4096,694,100,100,2021-06-20.09:49:32
twitter,41354195,1440030213,fasttrim,12,1278.016000,4157028,-1,4157028,3674068,0,0,0,0,0,4096,287,100,100,2021-06-20.09:50:44
twitter_mpi,52579683,1963263821,fasttrim,12,1703.051000,9213375,-1,9213375,3981354,0,0,0,0,0,4096,327,100,100,2021-06-20.09:52:16
com-friendster,124836180,1806067135,trim,12,1283170.574000,124836180,11996,124836180,15034082988,0,0,0,0,0,4096,-1,100,100,2021-06-20.10:15:31
twitter,41354195,1440030213,trim,12,968.639000,4157028,6,4157028,23277206,0,0,0,0,0,4096,-1,100,100,2021-06-20.10:16:42
twitter_mpi,52579683,1963263821,trim,12,1183.518000,9213375,7,9213375,32688118,0,0,0,0,0,4096,-1,100,100,2021-06-20.10:18:15
com-friendster,124836180,1806067135,ac4trim,12,66705.184000,124836180,-1,124836180,1697414152,0,0,0,0,0,4096,681,100,100,2021-06-20.10:21:11
twitter,41354195,1440030213,ac4trim,12,3124.339000,4157028,-1,4157028,8333351,0,0,0,0,0,4096,293,100,100,2021-06-20.10:22:25
twitter_mpi,52579683,1963263821,ac4trim,12,717.205000,9213375,-1,9213375,6155995,0,0,0,0,0,4096,15218,100,100,2021-06-20.10:23:57
com-friendster,124836180,1806067135,fasttrim,14,63252.502000,124836180,-1,124836180,1765578589,0,0,0,0,0,4096,684,100,100,2021-06-20.10:26:47
twitter,41354195,1440030213,fasttrim,14,1303.539000,4157028,-1,4157028,3147185,0,0,0,0,0,4096,284,100,100,2021-06-20.10:27:58
twitter_mpi,52579683,1963263821,fasttrim,14,1867.559000,9213375,-1,9213375,3571461,0,0,0,0,0,4096,327,100,100,2021-06-20.10:29:31
com-friendster,124836180,1806067135,trim,14,1254514.282000,124836180,11918,124836180,12253056953,0,0,0,0,0,4096,-1,100,100,2021-06-20.10:52:13
twitter,41354195,1440030213,trim,14,865.178000,4157028,6,4157028,18894851,0,0,0,0,0,4096,-1,100,100,2021-06-20.10:53:22
twitter_mpi,52579683,1963263821,trim,14,1234.233000,9213375,7,9213375,29415470,0,0,0,0,0,4096,-1,100,100,2021-06-20.10:54:55
com-friendster,124836180,1806067135,ac4trim,14,60672.161000,124836180,-1,124836180,1696070772,0,0,0,0,0,4096,637,100,100,2021-06-20.10:57:43
twitter,41354195,1440030213,ac4trim,14,972.284000,4157028,-1,4157028,7027400,0,0,0,0,0,4096,293,100,100,2021-06-20.10:58:53
twitter_mpi,52579683,1963263821,ac4trim,14,732.357000,9213375,-1,9213375,5248497,0,0,0,0,0,4096,15218,100,100,2021-06-20.11:00:26
com-friendster,124836180,1806067135,fasttrim,16,62720.064000,124836180,-1,124836180,1765218058,0,0,0,0,0,4096,644,100,100,2021-06-20.11:03:13
twitter,41354195,1440030213,fasttrim,16,1288.859000,4157028,-1,4157028,2590674,0,0,0,0,0,4096,287,100,100,2021-06-20.11:04:22
twitter_mpi,52579683,1963263821,fasttrim,16,1875.019000,9213375,-1,9213375,3386982,0,0,0,0,0,4096,327,100,100,2021-06-20.11:05:57
com-friendster,124836180,1806067135,trim,16,1258531.421000,124836180,11869,124836180,10488545723,0,0,0,0,0,4096,-1,100,100,2021-06-20.11:28:41
twitter,41354195,1440030213,trim,16,861.576000,4157028,6,4157028,15689619,0,0,0,0,0,4096,-1,100,100,2021-06-20.11:29:49
twitter_mpi,52579683,1963263821,trim,16,1179.576000,9213375,7,9213375,23330773,0,0,0,0,0,4096,-1,100,100,2021-06-20.11:31:21
com-friendster,124836180,1806067135,ac4trim,16,37857.300000,124836180,-1,124836180,1696623165,0,0,0,0,0,4096,681,100,100,2021-06-20.11:33:45
twitter,41354195,1440030213,ac4trim,16,1139.255000,4157028,-1,4157028,6388140,0,0,0,0,0,4096,293,100,100,2021-06-20.11:34:55
twitter_mpi,52579683,1963263821,ac4trim,16,614.724000,9213375,-1,9213375,5268324,0,0,0,0,0,4096,15218,100,100,2021-06-20.11:36:26
com-friendster,124836180,1806067135,fasttrim,32,60146.869000,124836180,-1,124836180,1764054310,0,0,0,0,0,4096,643,100,100,2021-06-20.11:39:17
twitter,41354195,1440030213,fasttrim,32,1424.373000,4157028,-1,4157028,1407285,0,0,0,0,0,4096,287,100,100,2021-06-20.11:40:30
twitter_mpi,52579683,1963263821,fasttrim,32,2148.558000,9213375,-1,9213375,1776347,0,0,0,0,0,4096,327,100,100,2021-06-20.11:42:09
com-friendster,124836180,1806067135,trim,32,1360286.800000,124836180,11486,124836180,5439497463,0,0,0,0,0,4096,-1,100,100,2021-06-20.12:06:40
twitter,41354195,1440030213,trim,32,943.510000,4157028,6,4157028,8184227,0,0,0,0,0,4096,-1,100,100,2021-06-20.12:07:53
twitter_mpi,52579683,1963263821,trim,32,1426.614000,9213375,7,9213375,12283424,0,0,0,0,0,4096,-1,100,100,2021-06-20.12:09:32
com-friendster,124836180,1806067135,ac4trim,32,58433.830000,124836180,-1,124836180,1691665696,0,0,0,0,0,4096,681,100,100,2021-06-20.12:12:21
twitter,41354195,1440030213,ac4trim,32,738.600000,4157028,-1,4157028,3520888,0,0,0,0,0,4096,293,100,100,2021-06-20.12:13:36
twitter_mpi,52579683,1963263821,ac4trim,32,721.775000,9213375,-1,9213375,3411411,0,0,0,0,0,4096,15215,100,100,2021-06-20.12:15:13
com-friendster,124836180,1806067135,fasttrim,1,80567.448000,124836180,-1,124836180,1806067135,0,0,0,0,0,4096,641,100,100,2021-06-20.12:29:32
twitter,41354195,1440030213,fasttrim,1,7542.867000,4157028,-1,4157028,39100435,0,0,0,0,0,4096,127,100,100,2021-06-20.12:33:42
twitter_mpi,52579683,1963263821,fasttrim,1,5431.507000,9213375,-1,9213375,44817791,0,0,0,0,0,4096,327,100,100,2021-06-20.12:39:05
com-friendster,124836180,1806067135,trim,1,10164957.958000,124836180,13973,124836180,168554758968,0,0,0,0,0,4096,-1,100,100,2021-06-20.15:40:55
twitter,41354195,1440030213,trim,1,6523.548000,4157028,6,4157028,225132646,0,0,0,0,0,4096,-1,100,100,2021-06-20.15:45:09
twitter_mpi,52579683,1963263821,trim,1,7279.847000,9213375,7,9213375,305116392,0,0,0,0,0,4096,-1,100,100,2021-06-20.15:50:41
com-friendster,124836180,1806067135,ac4trim,1,167898.218000,124836180,-1,124836180,1806067135,0,0,0,0,0,4096,775,100,100,2021-06-20.16:08:06
twitter,41354195,1440030213,ac4trim,1,113671.404000,4157028,-1,4157028,93811445,0,0,0,0,0,4096,288,100,100,2021-06-20.16:13:59
twitter_mpi,52579683,1963263821,ac4trim,1,6192.329000,9213375,-1,9213375,61093667,0,0,0,0,0,4096,15219,100,100,2021-06-20.16:19:23
com-friendster,124836180,1806067135,fasttrim,2,71995.890000,124836180,-1,124836180,1784462761,0,0,0,0,0,4096,611,100,100,2021-06-20.16:26:01
twitter,41354195,1440030213,fasttrim,2,3964.595000,4157028,-1,4157028,19643851,0,0,0,0,0,4096,227,100,100,2021-06-20.16:28:37
twitter_mpi,52579683,1963263821,fasttrim,2,3299.135000,9213375,-1,9213375,22628133,0,0,0,0,0,4096,327,100,100,2021-06-20.16:31:50
com-friendster,124836180,1806067135,trim,2,5011688.875000,124836180,13255,124836180,81887242572,0,0,0,0,0,4096,-1,100,100,2021-06-20.18:00:39
twitter,41354195,1440030213,trim,2,3476.867000,4157028,6,4157028,112963283,0,0,0,0,0,4096,-1,100,100,2021-06-20.18:03:23
twitter_mpi,52579683,1963263821,trim,2,3983.808000,9213375,7,9213375,153066073,0,0,0,0,0,4096,-1,100,100,2021-06-20.18:06:38
com-friendster,124836180,1806067135,ac4trim,2,133734.943000,124836180,-1,124836180,1747476531,0,0,0,0,0,4096,681,100,100,2021-06-20.18:14:29
twitter,41354195,1440030213,ac4trim,2,35072.016000,4157028,-1,4157028,47163035,0,0,0,0,0,4096,290,100,100,2021-06-20.18:17:38
twitter_mpi,52579683,1963263821,ac4trim,2,77913.372000,9213375,-1,9213375,31673905,0,0,0,0,0,4096,15219,100,100,2021-06-20.18:22:10
com-friendster,124836180,1806067135,fasttrim,4,65344.071000,124836180,-1,124836180,1773633179,0,0,0,0,0,4096,609,100,100,2021-06-20.18:26:31
twitter,41354195,1440030213,fasttrim,4,2088.696000,4157028,-1,4157028,9837336,0,0,0,0,0,4096,227,100,100,2021-06-20.18:28:15
twitter_mpi,52579683,1963263821,fasttrim,4,1693.433000,9213375,-1,9213375,11376619,0,0,0,0,0,4096,327,100,100,2021-06-20.18:30:24
com-friendster,124836180,1806067135,trim,4,2750551.734000,124836180,12618,124836180,39404158067,0,0,0,0,0,4096,-1,100,100,2021-06-20.19:19:26
twitter,41354195,1440030213,trim,4,1989.216000,4157028,6,4157028,56510981,0,0,0,0,0,4096,-1,100,100,2021-06-20.19:21:09
twitter_mpi,52579683,1963263821,trim,4,2320.985000,9213375,7,9213375,76751593,0,0,0,0,0,4096,-1,100,100,2021-06-20.19:23:17
com-friendster,124836180,1806067135,ac4trim,4,80109.585000,124836180,-1,124836180,1717981397,0,0,0,0,0,4096,681,100,100,2021-06-20.19:27:53
twitter,41354195,1440030213,ac4trim,4,6481.559000,4157028,-1,4157028,23544014,0,0,0,0,0,4096,293,100,100,2021-06-20.19:29:40
twitter_mpi,52579683,1963263821,ac4trim,4,20778.710000,9213375,-1,9213375,15698572,0,0,0,0,0,4096,15219,100,100,2021-06-20.19:32:07
com-friendster,124836180,1806067135,fasttrim,6,61804.770000,124836180,-1,124836180,1770139469,0,0,0,0,0,4096,610,100,100,2021-06-20.19:35:41
twitter,41354195,1440030213,fasttrim,6,1723.195000,4157028,-1,4157028,6679020,0,0,0,0,0,4096,233,100,100,2021-06-20.19:37:07
twitter_mpi,52579683,1963263821,fasttrim,6,1868.675000,9213375,-1,9213375,8200945,0,0,0,0,0,4096,327,100,100,2021-06-20.19:38:56
com-friendster,124836180,1806067135,trim,6,2041171.778000,124836180,12397,124836180,25890823337,0,0,0,0,0,4096,-1,100,100,2021-06-20.20:15:29
twitter,41354195,1440030213,trim,6,1617.384000,4157028,6,4157028,38525071,0,0,0,0,0,4096,-1,100,100,2021-06-20.20:16:54
twitter_mpi,52579683,1963263821,trim,6,1759.365000,9213375,7,9213375,53694103,0,0,0,0,0,4096,-1,100,100,2021-06-20.20:18:44
com-friendster,124836180,1806067135,ac4trim,6,68395.141000,124836180,-1,124836180,1707973156,0,0,0,0,0,4096,681,100,100,2021-06-20.20:22:24
twitter,41354195,1440030213,ac4trim,6,2826.571000,4157028,-1,4157028,15857618,0,0,0,0,0,4096,293,100,100,2021-06-20.20:23:51
twitter_mpi,52579683,1963263821,ac4trim,6,25785.785000,9213375,-1,9213375,11170223,0,0,0,0,0,4096,15219,100,100,2021-06-20.20:26:05
com-friendster,124836180,1806067135,fasttrim,8,62606.757000,124836180,-1,124836180,1768220145,0,0,0,0,0,4096,609,100,100,2021-06-20.20:29:18
twitter,41354195,1440030213,fasttrim,8,1445.535000,4157028,-1,4157028,4957321,0,0,0,0,0,4096,264,100,100,2021-06-20.20:30:36
twitter_mpi,52579683,1963263821,fasttrim,8,1516.927000,9213375,-1,9213375,5689542,0,0,0,0,0,4096,327,100,100,2021-06-20.20:32:16
com-friendster,124836180,1806067135,trim,8,1674704.136000,124836180,12171,124836180,19077386399,0,0,0,0,0,4096,-1,100,100,2021-06-20.21:02:20
twitter,41354195,1440030213,trim,8,1371.022000,4157028,6,4157028,28343171,0,0,0,0,0,4096,-1,100,100,2021-06-20.21:03:38
twitter_mpi,52579683,1963263821,trim,8,1887.516000,9213375,7,9213375,38458610,0,0,0,0,0,4096,-1,100,100,2021-06-20.21:05:22
com-friendster,124836180,1806067135,ac4trim,8,74805.010000,124836180,-1,124836180,1702896489,0,0,0,0,0,4096,681,100,100,2021-06-20.21:08:48
twitter,41354195,1440030213,ac4trim,8,2013.484000,4157028,-1,4157028,12022582,0,0,0,0,0,4096,293,100,100,2021-06-20.21:10:05
twitter_mpi,52579683,1963263821,ac4trim,8,5403.779000,9213375,-1,9213375,8354574,0,0,0,0,0,4096,15219,100,100,2021-06-20.21:11:50
com-friendster,124836180,1806067135,fasttrim,10,60747.704000,124836180,-1,124836180,1766926303,0,0,0,0,0,4096,609,100,100,2021-06-20.21:14:45
twitter,41354195,1440030213,fasttrim,10,1328.033000,4157028,-1,4157028,4617837,0,0,0,0,0,4096,287,100,100,2021-06-20.21:15:57
twitter_mpi,52579683,1963263821,fasttrim,10,1707.761000,9213375,-1,9213375,4685227,0,0,0,0,0,4096,327,100,100,2021-06-20.21:17:32
com-friendster,124836180,1806067135,trim,10,1337353.855000,124836180,12065,124836180,18593893049,0,0,0,0,0,4096,-1,100,100,2021-06-20.21:41:44
twitter,41354195,1440030213,trim,10,1053.635000,4157028,6,4157028,32210351,0,0,0,0,0,4096,-1,100,100,2021-06-20.21:42:56
twitter_mpi,52579683,1963263821,trim,10,1324.422000,9213375,7,9213375,46861661,0,0,0,0,0,4096,-1,100,100,2021-06-20.21:44:32
com-friendster,124836180,1806067135,ac4trim,10,50022.745000,124836180,-1,124836180,1703382038,0,0,0,0,0,4096,681,100,100,2021-06-20.21:47:16
twitter,41354195,1440030213,ac4trim,10,1515.932000,4157028,-1,4157028,9972715,0,0,0,0,0,4096,293,100,100,2021-06-20.21:48:30
twitter_mpi,52579683,1963263821,ac4trim,10,836.556000,9213375,-1,9213375,7910319,0,0,0,0,0,4096,15219,100,100,2021-06-20.21:50:05
com-friendster,124836180,1806067135,fasttrim,12,63220.058000,124836180,-1,124836180,1766096768,0,0,0,0,0,4096,683,100,100,2021-06-20.21:52:59
twitter,41354195,1440030213,fasttrim,12,1299.002000,4157028,-1,4157028,3709425,0,0,0,0,0,4096,287,100,100,2021-06-20.21:54:09
twitter_mpi,52579683,1963263821,fasttrim,12,1737.942000,9213375,-1,9213375,3916267,0,0,0,0,0,4096,327,100,100,2021-06-20.21:55:42
com-friendster,124836180,1806067135,trim,12,1310294.855000,124836180,11987,124836180,15222608593,0,0,0,0,0,4096,-1,100,100,2021-06-20.22:19:22
twitter,41354195,1440030213,trim,12,971.455000,4157028,6,4157028,23343978,0,0,0,0,0,4096,-1,100,100,2021-06-20.22:20:34
twitter_mpi,52579683,1963263821,trim,12,1051.651000,9213375,7,9213375,30611085,0,0,0,0,0,4096,-1,100,100,2021-06-20.22:22:07
com-friendster,124836180,1806067135,ac4trim,12,62450.770000,124836180,-1,124836180,1697375002,0,0,0,0,0,4096,637,100,100,2021-06-20.22:24:58
twitter,41354195,1440030213,ac4trim,12,3366.714000,4157028,-1,4157028,8272493,0,0,0,0,0,4096,293,100,100,2021-06-20.22:26:10
twitter_mpi,52579683,1963263821,ac4trim,12,6182.556000,9213375,-1,9213375,6016668,0,0,0,0,0,4096,15218,100,100,2021-06-20.22:27:47
com-friendster,124836180,1806067135,fasttrim,14,60784.599000,124836180,-1,124836180,1765635801,0,0,0,0,0,4096,680,100,100,2021-06-20.22:30:35
twitter,41354195,1440030213,fasttrim,14,1307.492000,4157028,-1,4157028,3164814,0,0,0,0,0,4096,287,100,100,2021-06-20.22:31:46
twitter_mpi,52579683,1963263821,fasttrim,14,1880.537000,9213375,-1,9213375,3545960,0,0,0,0,0,4096,327,100,100,2021-06-20.22:33:19
com-friendster,124836180,1806067135,trim,14,1267391.584000,124836180,11934,124836180,12281809312,0,0,0,0,0,4096,-1,100,100,2021-06-20.22:56:14
twitter,41354195,1440030213,trim,14,969.923000,4157028,6,4157028,19992442,0,0,0,0,0,4096,-1,100,100,2021-06-20.22:57:25
twitter_mpi,52579683,1963263821,trim,14,1219.254000,9213375,7,9213375,25842766,0,0,0,0,0,4096,-1,100,100,2021-06-20.22:58:57
com-friendster,124836180,1806067135,ac4trim,14,58707.982000,124836180,-1,124836180,1696086316,0,0,0,0,0,4096,681,100,100,2021-06-20.23:01:44
twitter,41354195,1440030213,ac4trim,14,923.525000,4157028,-1,4157028,7207835,0,0,0,0,0,4096,293,100,100,2021-06-20.23:02:55
twitter_mpi,52579683,1963263821,ac4trim,14,709.239000,9213375,-1,9213375,5240433,0,0,0,0,0,4096,15218,100,100,2021-06-20.23:04:25
com-friendster,124836180,1806067135,fasttrim,16,39730.537000,124836180,-1,124836180,1765928699,0,0,0,0,0,4096,684,100,100,2021-06-20.23:06:50
twitter,41354195,1440030213,fasttrim,16,1276.919000,4157028,-1,4157028,2592628,0,0,0,0,0,4096,287,100,100,2021-06-20.23:08:00
twitter_mpi,52579683,1963263821,fasttrim,16,1882.902000,9213375,-1,9213375,3366954,0,0,0,0,0,4096,327,100,100,2021-06-20.23:09:32
com-friendster,124836180,1806067135,trim,16,1238006.011000,124836180,11902,124836180,10389274022,0,0,0,0,0,4096,-1,100,100,2021-06-20.23:31:58
twitter,41354195,1440030213,trim,16,955.653000,4157028,6,4157028,16509003,0,0,0,0,0,4096,-1,100,100,2021-06-20.23:33:08
twitter_mpi,52579683,1963263821,trim,16,1277.702000,9213375,7,9213375,23225442,0,0,0,0,0,4096,-1,100,100,2021-06-20.23:34:40
com-friendster,124836180,1806067135,ac4trim,16,60736.005000,124836180,-1,124836180,1694985009,0,0,0,0,0,4096,637,100,100,2021-06-20.23:37:26
twitter,41354195,1440030213,ac4trim,16,877.415000,4157028,-1,4157028,6247581,0,0,0,0,0,4096,293,100,100,2021-06-20.23:38:38
twitter_mpi,52579683,1963263821,ac4trim,16,604.331000,9213375,-1,9213375,5304076,0,0,0,0,0,4096,15218,100,100,2021-06-20.23:40:09
com-friendster,124836180,1806067135,fasttrim,32,61147.925000,124836180,-1,124836180,1764057069,0,0,0,0,0,4096,682,100,100,2021-06-20.23:43:01
twitter,41354195,1440030213,fasttrim,32,1417.736000,4157028,-1,4157028,1415214,0,0,0,0,0,4096,287,100,100,2021-06-20.23:44:16
twitter_mpi,52579683,1963263821,fasttrim,32,2590.486000,9213375,-1,9213375,1755016,0,0,0,0,0,4096,327,100,100,2021-06-20.23:45:59
com-friendster,124836180,1806067135,trim,32,1321999.414000,124836180,11509,124836180,5106323393,0,0,0,0,0,4096,-1,100,100,2021-06-21.00:09:52
twitter,41354195,1440030213,trim,32,1089.549000,4157028,6,4157028,9027710,0,0,0,0,0,4096,-1,100,100,2021-06-21.00:11:07
twitter_mpi,52579683,1963263821,trim,32,1486.732000,9213375,7,9213375,9774148,0,0,0,0,0,4096,-1,100,100,2021-06-21.00:12:45
com-friendster,124836180,1806067135,ac4trim,32,58110.850000,124836180,-1,124836180,1691700939,0,0,0,0,0,4096,698,100,100,2021-06-21.00:15:34
twitter,41354195,1440030213,ac4trim,32,1358.073000,4157028,-1,4157028,3667807,0,0,0,0,0,4096,293,100,100,2021-06-21.00:16:48
twitter_mpi,52579683,1963263821,ac4trim,32,3915.739000,9213375,-1,9213375,3411872,0,0,0,0,0,4096,15217,100,100,2021-06-21.00:18:29
